{"main":"american-flights-api-revision.raml","name":"American Flights API Revision","organizationId":"0daa5f67-f715-4395-a8a6-af9affea26af","groupId":"0daa5f67-f715-4395-a8a6-af9affea26af","assetId":"american-flights-api-revision","version":"1.0.2","metadata":{"branchId":"master","commitId":"c89e6100c86b5982c1a770b119836e01b89e5e51","projectId":"387ce64a-21d9-46d8-b10f-378552835f9a"},"apiVersion":"v1","classifier":"raml","dependencies":[{"assetId":"training-american-flight-data-type","groupId":"68ef9520-24e9-4cf2-b2f5-620025690913","version":"1.0.1"},{"assetId":"training-american-flights-example","groupId":"68ef9520-24e9-4cf2-b2f5-620025690913","version":"1.0.1"}],"tags":[],"originalFormatVersion":"1.0"}